country_code,short_name,region,year,value
AFG,Afghanistan,South Asia,2003,935.0
AFG,Afghanistan,South Asia,2007,2600.0
AFG,Afghanistan,South Asia,2011,3826.0
AFG,Afghanistan,South Asia,2013,3954.0
AGO,Angola,Sub-Saharan Africa,2000,3257.0
AGO,Angola,Sub-Saharan Africa,2008,2083.0
AGO,Angola,Sub-Saharan Africa,2014,40763.0
AGO,Angola,Sub-Saharan Africa,2018,4752.0
ALB,Albania,Europe & Central Asia,2002,947.0
ALB,Albania,Europe & Central Asia,2004,481.0
ALB,Albania,Europe & Central Asia,2005,1045.0
ALB,Albania,Europe & Central Asia,2008,890.0
ALB,Albania,Europe & Central Asia,2012,1270.0
ARG,Argentina,Latin America & Caribbean,2000,6464.0
ARG,Argentina,Latin America & Caribbean,2001,6500.0
ARG,Argentina,Latin America & Caribbean,2002,7499.0
ARG,Argentina,Latin America & Caribbean,2003,6549.0
ARG,Argentina,Latin America & Caribbean,2004,6291.0
ARG,Argentina,Latin America & Caribbean,2005,8018.0
ARG,Argentina,Latin America & Caribbean,2006,8925.0
ARG,Argentina,Latin America & Caribbean,2007,5435.0
ARG,Argentina,Latin America & Caribbean,2008,8526.0
ARG,Argentina,Latin America & Caribbean,2009,8343.0
ARG,Argentina,Latin America & Caribbean,2010,8229.0
ARG,Argentina,Latin America & Caribbean,2011,8020.0
ARG,Argentina,Latin America & Caribbean,2012,7859.0
ARG,Argentina,Latin America & Caribbean,2013,8022.0
ARG,Argentina,Latin America & Caribbean,2014,8590.0
ARG,Argentina,Latin America & Caribbean,2015,10964.0
ARG,Argentina,Latin America & Caribbean,2016,8524.0
ARG,Argentina,Latin America & Caribbean,2017,22063.0
ARG,Argentina,Latin America & Caribbean,2018,8309.0
ARG,Argentina,Latin America & Caribbean,2019,10702.0
ARM,Armenia,Europe & Central Asia,2004,2732.0
ARM,Armenia,Europe & Central Asia,2007,3099.0
ARM,Armenia,Europe & Central Asia,2008,3023.0
ARM,Armenia,Europe & Central Asia,2009,3092.0
ARM,Armenia,Europe & Central Asia,2011,2881.0
ARM,Armenia,Europe & Central Asia,2013,1725.0
ARM,Armenia,Europe & Central Asia,2014,1738.0
ARM,Armenia,Europe & Central Asia,2015,1656.0
ARM,Armenia,Europe & Central Asia,2016,1758.0
ARM,Armenia,Europe & Central Asia,2018,1609.0
AUS,Australia,East Asia & Pacific,2001,1820.0
AUS,Australia,East Asia & Pacific,2002,1642.0
AUS,Australia,East Asia & Pacific,2003,2133.0
AUS,Australia,East Asia & Pacific,2004,2081.0
AUS,Australia,East Asia & Pacific,2005,2219.0
AUS,Australia,East Asia & Pacific,2006,2230.0
AUS,Australia,East Asia & Pacific,2007,2197.0
AUS,Australia,East Asia & Pacific,2008,2260.0
AUS,Australia,East Asia & Pacific,2009,2364.0
AUS,Australia,East Asia & Pacific,2010,2453.0
AUS,Australia,East Asia & Pacific,2011,2380.0
AUS,Australia,East Asia & Pacific,2012,2337.0
AUS,Australia,East Asia & Pacific,2013,2280.0
AUS,Australia,East Asia & Pacific,2014,2227.0
AUS,Australia,East Asia & Pacific,2015,2248.0
AUT,Austria,Europe & Central Asia,2004,966.0
AUT,Austria,Europe & Central Asia,2005,1038.0
AUT,Austria,Europe & Central Asia,2006,1150.0
AUT,Austria,Europe & Central Asia,2007,1368.0
AUT,Austria,Europe & Central Asia,2008,1207.0
AUT,Austria,Europe & Central Asia,2009,1299.0
AUT,Austria,Europe & Central Asia,2010,1440.0
AUT,Austria,Europe & Central Asia,2011,1411.0
AUT,Austria,Europe & Central Asia,2012,1419.0
AUT,Austria,Europe & Central Asia,2013,1307.0
AUT,Austria,Europe & Central Asia,2014,1418.0
AUT,Austria,Europe & Central Asia,2015,1460.0
AUT,Austria,Europe & Central Asia,2016,1473.0
AUT,Austria,Europe & Central Asia,2017,1529.0
AUT,Austria,Europe & Central Asia,2018,1508.0
AZE,Azerbaijan,Europe & Central Asia,2011,2273.0
AZE,Azerbaijan,Europe & Central Asia,2015,2016.0
BEL,Belgium,Europe & Central Asia,2004,1553.0
BEL,Belgium,Europe & Central Asia,2005,1614.0
BEL,Belgium,Europe & Central Asia,2006,1936.0
BEL,Belgium,Europe & Central Asia,2007,2070.0
BEL,Belgium,Europe & Central Asia,2008,2077.0
BEL,Belgium,Europe & Central Asia,2009,2002.0
BEL,Belgium,Europe & Central Asia,2010,1901.0
BEL,Belgium,Europe & Central Asia,2011,1770.0
BEL,Belgium,Europe & Central Asia,2012,1804.0
BEL,Belgium,Europe & Central Asia,2013,1887.0
BEL,Belgium,Europe & Central Asia,2014,1895.0
BEL,Belgium,Europe & Central Asia,2015,1853.0
BEL,Belgium,Europe & Central Asia,2016,1842.0
BEL,Belgium,Europe & Central Asia,2017,1928.0
BEL,Belgium,Europe & Central Asia,2018,1833.0
BEN,Benin,Sub-Saharan Africa,2003,412.0
BEN,Benin,Sub-Saharan Africa,2011,941.0
BEN,Benin,Sub-Saharan Africa,2015,854.0
BFA,Burkina Faso,Sub-Saharan Africa,2003,780.0
BFA,Burkina Faso,Sub-Saharan Africa,2009,523.0
BFA,Burkina Faso,Sub-Saharan Africa,2014,935.0
BGD,Bangladesh,South Asia,2003,6013.0
BGD,Bangladesh,South Asia,2005,2973.0
BGD,Bangladesh,South Asia,2010,3158.0
BGD,Bangladesh,South Asia,2013,4687.0
BGD,Bangladesh,South Asia,2015,2423.0
BGR,Bulgaria,Europe & Central Asia,2001,987.0
BGR,Bulgaria,Europe & Central Asia,2007,847.0
BGR,Bulgaria,Europe & Central Asia,2008,783.0
BGR,Bulgaria,Europe & Central Asia,2009,1045.0
BGR,Bulgaria,Europe & Central Asia,2010,1158.0
BGR,Bulgaria,Europe & Central Asia,2011,1266.0
BGR,Bulgaria,Europe & Central Asia,2012,1110.0
BGR,Bulgaria,Europe & Central Asia,2013,926.0
BGR,Bulgaria,Europe & Central Asia,2014,902.0
BGR,Bulgaria,Europe & Central Asia,2015,886.0
BGR,Bulgaria,Europe & Central Asia,2016,1334.0
BGR,Bulgaria,Europe & Central Asia,2017,1321.0
BGR,Bulgaria,Europe & Central Asia,2018,1268.0
BIH,Bosnia and Herz.,Europe & Central Asia,2001,2645.0
BIH,Bosnia and Herz.,Europe & Central Asia,2006,2671.0
BIH,Bosnia and Herz.,Europe & Central Asia,2007,2561.0
BIH,Bosnia and Herz.,Europe & Central Asia,2008,2615.0
BIH,Bosnia and Herz.,Europe & Central Asia,2009,2502.0
BIH,Bosnia and Herz.,Europe & Central Asia,2010,2433.0
BIH,Bosnia and Herz.,Europe & Central Asia,2011,2400.0
BIH,Bosnia and Herz.,Europe & Central Asia,2012,2145.0
BIH,Bosnia and Herz.,Europe & Central Asia,2013,2313.0
BIH,Bosnia and Herz.,Europe & Central Asia,2014,2202.0
BIH,Bosnia and Herz.,Europe & Central Asia,2015,2122.0
BIH,Bosnia and Herz.,Europe & Central Asia,2016,1807.0
BOL,Bolivia,Latin America & Caribbean,2000,664.0
BOL,Bolivia,Latin America & Caribbean,2001,878.0
BOL,Bolivia,Latin America & Caribbean,2002,907.0
BOL,Bolivia,Latin America & Caribbean,2003,1750.0
BOL,Bolivia,Latin America & Caribbean,2005,610.0
BOL,Bolivia,Latin America & Caribbean,2006,751.0
BOL,Bolivia,Latin America & Caribbean,2007,767.0
BOL,Bolivia,Latin America & Caribbean,2008,650.0
BOL,Bolivia,Latin America & Caribbean,2009,714.0
BOL,Bolivia,Latin America & Caribbean,2011,1683.0
BOL,Bolivia,Latin America & Caribbean,2012,1576.0
BOL,Bolivia,Latin America & Caribbean,2014,1990.0
BOL,Bolivia,Latin America & Caribbean,2015,1722.0
BOL,Bolivia,Latin America & Caribbean,2016,1846.0
BOL,Bolivia,Latin America & Caribbean,2017,1786.0
BOL,Bolivia,Latin America & Caribbean,2018,1858.0
BOL,Bolivia,Latin America & Caribbean,2019,1824.0
BRA,Brazil,Latin America & Caribbean,2001,20043.0
BRA,Brazil,Latin America & Caribbean,2002,20643.0
BRA,Brazil,Latin America & Caribbean,2003,20564.0
BRA,Brazil,Latin America & Caribbean,2004,21539.0
BRA,Brazil,Latin America & Caribbean,2005,22119.0
BRA,Brazil,Latin America & Caribbean,2006,22880.0
BRA,Brazil,Latin America & Caribbean,2007,22829.0
BRA,Brazil,Latin America & Caribbean,2008,22664.0
BRA,Brazil,Latin America & Caribbean,2009,23649.0
BRA,Brazil,Latin America & Caribbean,2011,21742.0
BRA,Brazil,Latin America & Caribbean,2012,22286.0
BRA,Brazil,Latin America & Caribbean,2014,22350.0
BRA,Brazil,Latin America & Caribbean,2015,21358.0
BRA,Brazil,Latin America & Caribbean,2016,25320.0
BRA,Brazil,Latin America & Caribbean,2017,124732.0
BTN,Bhutan,South Asia,2003,1718.0
BTN,Bhutan,South Asia,2007,2723.0
BWA,Botswana,Sub-Saharan Africa,2009,2424.0
BWA,Botswana,Sub-Saharan Africa,2015,2142.0
CAF,Central African Rep.,Sub-Saharan Africa,2008,447.0
CAN,Canada,North America,2010,7317.0
CHE,Switzerland,Europe & Central Asia,2007,1556.0
CHE,Switzerland,Europe & Central Asia,2008,1602.0
CHE,Switzerland,Europe & Central Asia,2009,1791.0
CHE,Switzerland,Europe & Central Asia,2010,1974.0
CHE,Switzerland,Europe & Central Asia,2011,1839.0
CHE,Switzerland,Europe & Central Asia,2012,2058.0
CHE,Switzerland,Europe & Central Asia,2013,1939.0
CHE,Switzerland,Europe & Central Asia,2014,1857.0
CHE,Switzerland,Europe & Central Asia,2015,2044.0
CHE,Switzerland,Europe & Central Asia,2016,2226.0
CHE,Switzerland,Europe & Central Asia,2017,2346.0
CHE,Switzerland,Europe & Central Asia,2018,1843.0
CHL,Chile,Latin America & Caribbean,2000,9117.0
CHL,Chile,Latin America & Caribbean,2003,7642.0
CHL,Chile,Latin America & Caribbean,2006,7759.0
CHL,Chile,Latin America & Caribbean,2009,5742.0
CHL,Chile,Latin America & Caribbean,2011,7141.0
CHL,Chile,Latin America & Caribbean,2013,8255.0
CHL,Chile,Latin America & Caribbean,2015,10995.0
CHL,Chile,Latin America & Caribbean,2017,9884.0
CHN,China,East Asia & Pacific,2002,5206.0
CHN,China,East Asia & Pacific,2013,3694.0
CMR,Cameroon,Sub-Saharan Africa,2001,1693.0
CMR,Cameroon,Sub-Saharan Africa,2007,1122.0
CMR,Cameroon,Sub-Saharan Africa,2010,813.0
CMR,Cameroon,Sub-Saharan Africa,2014,981.0
COD,Dem. Rep. Congo,Sub-Saharan Africa,2004,1495.0
COD,Dem. Rep. Congo,Sub-Saharan Africa,2012,2531.0
COG,Congo,Sub-Saharan Africa,2005,875.0
COG,Congo,Sub-Saharan Africa,2011,1457.0
COL,Colombia,Latin America & Caribbean,2001,3614.0
COL,Colombia,Latin America & Caribbean,2002,3470.0
COL,Colombia,Latin America & Caribbean,2003,3588.0
COL,Colombia,Latin America & Caribbean,2004,3975.0
COL,Colombia,Latin America & Caribbean,2005,3904.0
COL,Colombia,Latin America & Caribbean,2006,8987.0
COL,Colombia,Latin America & Caribbean,2007,23848.0
COL,Colombia,Latin America & Caribbean,2008,22191.0
COL,Colombia,Latin America & Caribbean,2009,20350.0
COL,Colombia,Latin America & Caribbean,2010,19852.0
COL,Colombia,Latin America & Caribbean,2011,19446.0
COL,Colombia,Latin America & Caribbean,2012,19285.0
COL,Colombia,Latin America & Caribbean,2013,19060.0
COL,Colombia,Latin America & Caribbean,2014,18603.0
COL,Colombia,Latin America & Caribbean,2015,18792.0
COL,Colombia,Latin America & Caribbean,2016,18607.0
COL,Colombia,Latin America & Caribbean,2017,17779.0
COM,Comoros,Sub-Saharan Africa,2004,470.0
COM,Comoros,Sub-Saharan Africa,2013,1359.0
CPV,Cabo Verde,Sub-Saharan Africa,2000,25757.0
CPV,Cabo Verde,Sub-Saharan Africa,2007,2265.0
CRI,Costa Rica,Latin America & Caribbean,2000,1977.0
CRI,Costa Rica,Latin America & Caribbean,2001,2033.0
CRI,Costa Rica,Latin America & Caribbean,2002,2129.0
CRI,Costa Rica,Latin America & Caribbean,2003,2082.0
CRI,Costa Rica,Latin America & Caribbean,2004,2113.0
CRI,Costa Rica,Latin America & Caribbean,2005,2268.0
CRI,Costa Rica,Latin America & Caribbean,2006,2306.0
CRI,Costa Rica,Latin America & Caribbean,2007,2366.0
CRI,Costa Rica,Latin America & Caribbean,2008,2392.0
CRI,Costa Rica,Latin America & Caribbean,2009,2755.0
CRI,Costa Rica,Latin America & Caribbean,2010,2077.0
CRI,Costa Rica,Latin America & Caribbean,2012,1975.0
CRI,Costa Rica,Latin America & Caribbean,2015,2273.0
CRI,Costa Rica,Latin America & Caribbean,2016,2178.0
CRI,Costa Rica,Latin America & Caribbean,2017,6722.0
CYP,N. Cyprus,Europe & Central Asia,2005,872.0
CYP,N. Cyprus,Europe & Central Asia,2006,868.0
CYP,N. Cyprus,Europe & Central Asia,2007,876.0
CYP,N. Cyprus,Europe & Central Asia,2008,860.0
CYP,N. Cyprus,Europe & Central Asia,2009,790.0
CYP,N. Cyprus,Europe & Central Asia,2010,935.0
CYP,N. Cyprus,Europe & Central Asia,2011,1004.0
CYP,N. Cyprus,Europe & Central Asia,2012,1123.0
CYP,N. Cyprus,Europe & Central Asia,2013,1085.0
CYP,N. Cyprus,Europe & Central Asia,2014,978.0
CYP,N. Cyprus,Europe & Central Asia,2015,964.0
CYP,N. Cyprus,Europe & Central Asia,2016,951.0
CYP,N. Cyprus,Europe & Central Asia,2017,986.0
CYP,N. Cyprus,Europe & Central Asia,2018,982.0
CZE,Czechia,Europe & Central Asia,2005,901.0
CZE,Czechia,Europe & Central Asia,2006,1506.0
CZE,Czechia,Europe & Central Asia,2007,1936.0
CZE,Czechia,Europe & Central Asia,2008,2211.0
CZE,Czechia,Europe & Central Asia,2009,1859.0
CZE,Czechia,Europe & Central Asia,2010,1726.0
CZE,Czechia,Europe & Central Asia,2011,1636.0
CZE,Czechia,Europe & Central Asia,2012,1609.0
CZE,Czechia,Europe & Central Asia,2013,1487.0
CZE,Czechia,Europe & Central Asia,2014,1469.0
CZE,Czechia,Europe & Central Asia,2015,1508.0
CZE,Czechia,Europe & Central Asia,2016,1644.0
CZE,Czechia,Europe & Central Asia,2017,1674.0
CZE,Czechia,Europe & Central Asia,2018,1708.0
DEU,Germany,Europe & Central Asia,2013,3721.0
DJI,Djibouti,Middle East & North Africa,2002,5956.0
DJI,Djibouti,Middle East & North Africa,2015,1404.0
DNK,Denmark,Europe & Central Asia,2016,2192.0
DNK,Denmark,Europe & Central Asia,2017,1951.0
DNK,Denmark,Europe & Central Asia,2018,1845.0
DOM,Dominican Rep.,Latin America & Caribbean,2000,839.0
DOM,Dominican Rep.,Latin America & Caribbean,2001,798.0
DOM,Dominican Rep.,Latin America & Caribbean,2002,842.0
DOM,Dominican Rep.,Latin America & Caribbean,2003,1063.0
DOM,Dominican Rep.,Latin America & Caribbean,2004,976.0
DOM,Dominican Rep.,Latin America & Caribbean,2005,1044.0
DOM,Dominican Rep.,Latin America & Caribbean,2006,1035.0
DOM,Dominican Rep.,Latin America & Caribbean,2007,1207.0
DOM,Dominican Rep.,Latin America & Caribbean,2008,1129.0
DOM,Dominican Rep.,Latin America & Caribbean,2009,1208.0
DOM,Dominican Rep.,Latin America & Caribbean,2010,1291.0
DOM,Dominican Rep.,Latin America & Caribbean,2011,1294.0
DOM,Dominican Rep.,Latin America & Caribbean,2012,1248.0
DOM,Dominican Rep.,Latin America & Caribbean,2013,1302.0
DOM,Dominican Rep.,Latin America & Caribbean,2015,1357.0
DOM,Dominican Rep.,Latin America & Caribbean,2018,1422.0
DOM,Dominican Rep.,Latin America & Caribbean,2019,1529.0
ECU,Ecuador,Latin America & Caribbean,2000,2354.0
ECU,Ecuador,Latin America & Caribbean,2003,2992.0
ECU,Ecuador,Latin America & Caribbean,2004,2990.0
ECU,Ecuador,Latin America & Caribbean,2005,2788.0
ECU,Ecuador,Latin America & Caribbean,2006,2026.0
ECU,Ecuador,Latin America & Caribbean,2007,2874.0
ECU,Ecuador,Latin America & Caribbean,2008,3063.0
ECU,Ecuador,Latin America & Caribbean,2009,2999.0
ECU,Ecuador,Latin America & Caribbean,2010,3502.0
ECU,Ecuador,Latin America & Caribbean,2011,2895.0
ECU,Ecuador,Latin America & Caribbean,2012,3122.0
ECU,Ecuador,Latin America & Caribbean,2013,3194.0
ECU,Ecuador,Latin America & Caribbean,2014,5679.0
ECU,Ecuador,Latin America & Caribbean,2015,5668.0
ECU,Ecuador,Latin America & Caribbean,2016,5553.0
ECU,Ecuador,Latin America & Caribbean,2017,10495.0
EGY,Egypt,Middle East & North Africa,2004,4161.0
EGY,Egypt,Middle East & North Africa,2005,3183.0
EGY,Egypt,Middle East & North Africa,2012,4177.0
EGY,Egypt,Middle East & North Africa,2015,6473.0
ESP,Spain,Europe & Central Asia,2006,2713.0
ESP,Spain,Europe & Central Asia,2007,2923.0
ESP,Spain,Europe & Central Asia,2008,3223.0
ESP,Spain,Europe & Central Asia,2009,3190.0
ESP,Spain,Europe & Central Asia,2010,3289.0
ESP,Spain,Europe & Central Asia,2011,2947.0
ESP,Spain,Europe & Central Asia,2012,2710.0
ESP,Spain,Europe & Central Asia,2013,2539.0
ESP,Spain,Europe & Central Asia,2014,2615.0
ESP,Spain,Europe & Central Asia,2015,2756.0
ESP,Spain,Europe & Central Asia,2016,3233.0
ESP,Spain,Europe & Central Asia,2017,3116.0
ESP,Spain,Europe & Central Asia,2018,3061.0
EST,Estonia,Europe & Central Asia,2004,995.0
EST,Estonia,Europe & Central Asia,2005,1029.0
EST,Estonia,Europe & Central Asia,2006,1437.0
EST,Estonia,Europe & Central Asia,2007,1249.0
EST,Estonia,Europe & Central Asia,2008,1156.0
EST,Estonia,Europe & Central Asia,2009,1175.0
EST,Estonia,Europe & Central Asia,2010,1190.0
EST,Estonia,Europe & Central Asia,2011,1211.0
EST,Estonia,Europe & Central Asia,2012,1313.0
EST,Estonia,Europe & Central Asia,2013,1379.0
EST,Estonia,Europe & Central Asia,2014,1437.0
EST,Estonia,Europe & Central Asia,2015,1459.0
EST,Estonia,Europe & Central Asia,2016,1540.0
EST,Estonia,Europe & Central Asia,2017,1564.0
EST,Estonia,Europe & Central Asia,2018,1520.0
ETH,Ethiopia,Sub-Saharan Africa,2000,3482.0
ETH,Ethiopia,Sub-Saharan Africa,2003,5055.0
ETH,Ethiopia,Sub-Saharan Africa,2004,4693.0
ETH,Ethiopia,Sub-Saharan Africa,2005,10796.0
ETH,Ethiopia,Sub-Saharan Africa,2006,5040.0
ETH,Ethiopia,Sub-Saharan Africa,2009,7404.0
ETH,Ethiopia,Sub-Saharan Africa,2010,7240.0
ETH,Ethiopia,Sub-Saharan Africa,2011,6993.0
ETH,Ethiopia,Sub-Saharan Africa,2012,6542.0
ETH,Ethiopia,Sub-Saharan Africa,2013,10148.0
ETH,Ethiopia,Sub-Saharan Africa,2014,6708.0
ETH,Ethiopia,Sub-Saharan Africa,2015,7147.0
ETH,Ethiopia,Sub-Saharan Africa,2016,7104.0
FIN,Finland,Europe & Central Asia,2008,2977.0
FIN,Finland,Europe & Central Asia,2012,2789.0
FIN,Finland,Europe & Central Asia,2013,3159.0
FIN,Finland,Europe & Central Asia,2014,3103.0
FIN,Finland,Europe & Central Asia,2015,3013.0
FIN,Finland,Europe & Central Asia,2016,2974.0
FIN,Finland,Europe & Central Asia,2017,2798.0
FIN,Finland,Europe & Central Asia,2018,2726.0
FRA,France,Europe & Central Asia,2004,2887.0
FRA,France,Europe & Central Asia,2005,2851.0
FRA,France,Europe & Central Asia,2006,2954.0
FRA,France,Europe & Central Asia,2007,3174.0
FRA,France,Europe & Central Asia,2008,2862.0
FRA,France,Europe & Central Asia,2009,3044.0
FRA,France,Europe & Central Asia,2010,3383.0
FRA,France,Europe & Central Asia,2011,3469.0
FRA,France,Europe & Central Asia,2012,3229.0
FRA,France,Europe & Central Asia,2013,3262.0
FRA,France,Europe & Central Asia,2014,3292.0
FRA,France,Europe & Central Asia,2015,3321.0
FRA,France,Europe & Central Asia,2016,3382.0
FRA,France,Europe & Central Asia,2017,3177.0
FRA,France,Europe & Central Asia,2018,3120.0
FSM,Micronesia,East Asia & Pacific,2005,840.0
GAB,Gabon,Sub-Saharan Africa,2005,1697.0
GAB,Gabon,Sub-Saharan Africa,2017,1653.0
GBR,United Kingdom,Europe & Central Asia,2005,2906.0
GBR,United Kingdom,Europe & Central Asia,2006,2768.0
GBR,United Kingdom,Europe & Central Asia,2007,2696.0
GBR,United Kingdom,Europe & Central Asia,2008,2598.0
GBR,United Kingdom,Europe & Central Asia,2009,2553.0
GBR,United Kingdom,Europe & Central Asia,2010,2372.0
GBR,United Kingdom,Europe & Central Asia,2011,2375.0
GBR,United Kingdom,Europe & Central Asia,2012,3042.0
GBR,United Kingdom,Europe & Central Asia,2013,2981.0
GBR,United Kingdom,Europe & Central Asia,2014,2846.0
GBR,United Kingdom,Europe & Central Asia,2015,2594.0
GBR,United Kingdom,Europe & Central Asia,2016,2814.0
GBR,United Kingdom,Europe & Central Asia,2017,3710.0
GEO,Georgia,Europe & Central Asia,2008,2440.0
GEO,Georgia,Europe & Central Asia,2009,5649.0
GEO,Georgia,Europe & Central Asia,2011,2621.0
GEO,Georgia,Europe & Central Asia,2012,2684.0
GEO,Georgia,Europe & Central Asia,2013,2521.0
GHA,Ghana,Sub-Saharan Africa,2005,792.0
GHA,Ghana,Sub-Saharan Africa,2012,1723.0
GHA,Ghana,Sub-Saharan Africa,2016,1213.0
GIN,Guinea,Sub-Saharan Africa,2002,843.0
GIN,Guinea,Sub-Saharan Africa,2007,796.0
GIN,Guinea,Sub-Saharan Africa,2012,792.0
GMB,Gambia,Sub-Saharan Africa,2010,979.0
GMB,Gambia,Sub-Saharan Africa,2015,309.0
GNB,Guinea-Bissau,Sub-Saharan Africa,2010,489.0
GRC,Greece,Europe & Central Asia,2007,1080.0
GRC,Greece,Europe & Central Asia,2008,1363.0
GRC,Greece,Europe & Central Asia,2009,1450.0
GRC,Greece,Europe & Central Asia,2010,1369.0
GRC,Greece,Europe & Central Asia,2011,979.0
GRC,Greece,Europe & Central Asia,2012,884.0
GRC,Greece,Europe & Central Asia,2013,1159.0
GRC,Greece,Europe & Central Asia,2014,1349.0
GRC,Greece,Europe & Central Asia,2015,2376.0
GRC,Greece,Europe & Central Asia,2016,3109.0
GRC,Greece,Europe & Central Asia,2017,3867.0
GRC,Greece,Europe & Central Asia,2018,4015.0
GTM,Guatemala,Latin America & Caribbean,2000,878.0
GTM,Guatemala,Latin America & Caribbean,2002,349.0
GTM,Guatemala,Latin America & Caribbean,2003,380.0
GTM,Guatemala,Latin America & Caribbean,2004,1970.0
GTM,Guatemala,Latin America & Caribbean,2006,1357.0
GTM,Guatemala,Latin America & Caribbean,2011,1311.0
GTM,Guatemala,Latin America & Caribbean,2017,1787.0
HND,Honduras,Latin America & Caribbean,2001,1072.0
HND,Honduras,Latin America & Caribbean,2002,2423.0
HND,Honduras,Latin America & Caribbean,2003,2266.0
HND,Honduras,Latin America & Caribbean,2004,841.0
HND,Honduras,Latin America & Caribbean,2005,947.0
HND,Honduras,Latin America & Caribbean,2006,2596.0
HND,Honduras,Latin America & Caribbean,2007,2572.0
HND,Honduras,Latin America & Caribbean,2008,2742.0
HND,Honduras,Latin America & Caribbean,2009,2493.0
HND,Honduras,Latin America & Caribbean,2010,818.0
HND,Honduras,Latin America & Caribbean,2011,821.0
HND,Honduras,Latin America & Caribbean,2012,882.0
HND,Honduras,Latin America & Caribbean,2013,737.0
HND,Honduras,Latin America & Caribbean,2014,619.0
HND,Honduras,Latin America & Caribbean,2015,650.0
HND,Honduras,Latin America & Caribbean,2016,717.0
HND,Honduras,Latin America & Caribbean,2017,509.0
HND,Honduras,Latin America & Caribbean,2018,647.0
HND,Honduras,Latin America & Caribbean,2019,662.0
HRV,Croatia,Europe & Central Asia,2010,545.0
HRV,Croatia,Europe & Central Asia,2011,963.0
HRV,Croatia,Europe & Central Asia,2012,879.0
HRV,Croatia,Europe & Central Asia,2013,859.0
HRV,Croatia,Europe & Central Asia,2014,899.0
HRV,Croatia,Europe & Central Asia,2015,1148.0
HRV,Croatia,Europe & Central Asia,2016,1268.0
HRV,Croatia,Europe & Central Asia,2017,873.0
HRV,Croatia,Europe & Central Asia,2018,1488.0
HTI,Haiti,Latin America & Caribbean,2001,230.0
HUN,Hungary,Europe & Central Asia,2004,4420.0
HUN,Hungary,Europe & Central Asia,2005,4295.0
HUN,Hungary,Europe & Central Asia,2006,1602.0
HUN,Hungary,Europe & Central Asia,2007,1926.0
HUN,Hungary,Europe & Central Asia,2008,1883.0
HUN,Hungary,Europe & Central Asia,2009,2239.0
HUN,Hungary,Europe & Central Asia,2010,2299.0
HUN,Hungary,Europe & Central Asia,2011,2751.0
HUN,Hungary,Europe & Central Asia,2012,2839.0
HUN,Hungary,Europe & Central Asia,2013,2510.0
HUN,Hungary,Europe & Central Asia,2014,2523.0
HUN,Hungary,Europe & Central Asia,2015,1947.0
HUN,Hungary,Europe & Central Asia,2016,1996.0
HUN,Hungary,Europe & Central Asia,2017,1730.0
HUN,Hungary,Europe & Central Asia,2018,1606.0
IDN,Indonesia,East Asia & Pacific,2018,39262.0
IND,India,South Asia,2005,5513.0
IND,India,South Asia,2011,21101.0
IND,India,South Asia,2017,30055.0
IND,India,South Asia,2018,15080.0
IND,India,South Asia,2019,14223.0
IRL,Ireland,Europe & Central Asia,2004,1279.0
IRL,Ireland,Europe & Central Asia,2005,1402.0
IRL,Ireland,Europe & Central Asia,2006,1391.0
IRL,Ireland,Europe & Central Asia,2007,1358.0
IRL,Ireland,Europe & Central Asia,2008,1247.0
IRL,Ireland,Europe & Central Asia,2009,1192.0
IRL,Ireland,Europe & Central Asia,2010,1024.0
IRL,Ireland,Europe & Central Asia,2011,976.0
IRL,Ireland,Europe & Central Asia,2012,1041.0
IRL,Ireland,Europe & Central Asia,2013,1150.0
IRL,Ireland,Europe & Central Asia,2014,1361.0
IRL,Ireland,Europe & Central Asia,2015,1333.0
IRL,Ireland,Europe & Central Asia,2016,1288.0
IRL,Ireland,Europe & Central Asia,2017,1292.0
IRN,Iran,Middle East & North Africa,2018,4283.0
ISL,Iceland,Europe & Central Asia,2004,1241.0
ISL,Iceland,Europe & Central Asia,2005,1232.0
ISL,Iceland,Europe & Central Asia,2006,1153.0
ISL,Iceland,Europe & Central Asia,2007,1178.0
ISL,Iceland,Europe & Central Asia,2008,1159.0
ISL,Iceland,Europe & Central Asia,2009,1298.0
ISL,Iceland,Europe & Central Asia,2010,1338.0
ISL,Iceland,Europe & Central Asia,2011,1355.0
ISL,Iceland,Europe & Central Asia,2012,1300.0
ISL,Iceland,Europe & Central Asia,2013,1276.0
ITA,Italy,Europe & Central Asia,2007,4209.0
ITA,Italy,Europe & Central Asia,2008,4102.0
ITA,Italy,Europe & Central Asia,2009,3590.0
ITA,Italy,Europe & Central Asia,2010,3381.0
ITA,Italy,Europe & Central Asia,2011,3644.0
ITA,Italy,Europe & Central Asia,2012,3463.0
ITA,Italy,Europe & Central Asia,2013,3316.0
ITA,Italy,Europe & Central Asia,2014,3537.0
ITA,Italy,Europe & Central Asia,2015,3435.0
ITA,Italy,Europe & Central Asia,2016,3750.0
ITA,Italy,Europe & Central Asia,2017,4031.0
ITA,Italy,Europe & Central Asia,2018,3786.0
JAM,Jamaica,Latin America & Caribbean,2001,228.0
JAM,Jamaica,Latin America & Caribbean,2002,748.0
JOR,Jordan,Middle East & North Africa,2002,6685.0
JOR,Jordan,Middle East & North Africa,2007,23829.0
JOR,Jordan,Middle East & North Africa,2008,24007.0
JOR,Jordan,Middle East & North Africa,2009,23583.0
JOR,Jordan,Middle East & North Africa,2010,22901.0
JOR,Jordan,Middle East & North Africa,2011,22412.0
JOR,Jordan,Middle East & North Africa,2012,22030.0
JOR,Jordan,Middle East & North Africa,2013,19940.0
JOR,Jordan,Middle East & North Africa,2014,19116.0
JOR,Jordan,Middle East & North Africa,2016,18993.0
KAZ,Kazakhstan,Europe & Central Asia,2006,6249.0
KAZ,Kazakhstan,Europe & Central Asia,2010,7402.0
KAZ,Kazakhstan,Europe & Central Asia,2013,15140.0
KEN,Kenya,Sub-Saharan Africa,2005,841.0
KEN,Kenya,Sub-Saharan Africa,2015,2735.0
KHM,Cambodia,East Asia & Pacific,2003,1588.0
KHM,Cambodia,East Asia & Pacific,2006,591.0
KHM,Cambodia,East Asia & Pacific,2008,597.0
KHM,Cambodia,East Asia & Pacific,2009,1492.0
KHM,Cambodia,East Asia & Pacific,2012,1333.0
LBN,Lebanon,Middle East & North Africa,2011,382.0
LBN,Lebanon,Middle East & North Africa,2018,8049.0
LBR,Liberia,Sub-Saharan Africa,2010,945.0
LBR,Liberia,Sub-Saharan Africa,2014,450.0
LKA,Sri Lanka,South Asia,2000,3210.0
LKA,Sri Lanka,South Asia,2001,2501.0
LKA,Sri Lanka,South Asia,2002,3145.0
LKA,Sri Lanka,South Asia,2003,3528.0
LKA,Sri Lanka,South Asia,2004,4869.0
LKA,Sri Lanka,South Asia,2006,2572.0
LKA,Sri Lanka,South Asia,2007,2616.0
LKA,Sri Lanka,South Asia,2008,2927.0
LKA,Sri Lanka,South Asia,2009,3414.0
LKA,Sri Lanka,South Asia,2011,2228.0
LKA,Sri Lanka,South Asia,2012,2552.0
LKA,Sri Lanka,South Asia,2013,3246.0
LKA,Sri Lanka,South Asia,2014,3579.0
LKA,Sri Lanka,South Asia,2015,3600.0
LKA,Sri Lanka,South Asia,2016,3698.0
LSO,Lesotho,Sub-Saharan Africa,2002,1111.0
LSO,Lesotho,Sub-Saharan Africa,2010,809.0
LSO,Lesotho,Sub-Saharan Africa,2018,652.0
LTU,Lithuania,Europe & Central Asia,2005,1169.0
LTU,Lithuania,Europe & Central Asia,2006,1210.0
LTU,Lithuania,Europe & Central Asia,2007,1339.0
LTU,Lithuania,Europe & Central Asia,2008,1246.0
LTU,Lithuania,Europe & Central Asia,2009,1272.0
LTU,Lithuania,Europe & Central Asia,2010,1350.0
LTU,Lithuania,Europe & Central Asia,2011,1302.0
LTU,Lithuania,Europe & Central Asia,2012,1380.0
LTU,Lithuania,Europe & Central Asia,2013,1225.0
LTU,Lithuania,Europe & Central Asia,2014,1220.0
LTU,Lithuania,Europe & Central Asia,2015,1112.0
LTU,Lithuania,Europe & Central Asia,2016,1108.0
LTU,Lithuania,Europe & Central Asia,2017,1181.0
LTU,Lithuania,Europe & Central Asia,2018,1191.0
LUX,Luxembourg,Europe & Central Asia,2004,1050.0
LUX,Luxembourg,Europe & Central Asia,2005,1002.0
LUX,Luxembourg,Europe & Central Asia,2006,958.0
LUX,Luxembourg,Europe & Central Asia,2007,964.0
LUX,Luxembourg,Europe & Central Asia,2008,858.0
LUX,Luxembourg,Europe & Central Asia,2009,1007.0
LUX,Luxembourg,Europe & Central Asia,2010,1272.0
LUX,Luxembourg,Europe & Central Asia,2011,1548.0
LUX,Luxembourg,Europe & Central Asia,2012,1777.0
LUX,Luxembourg,Europe & Central Asia,2013,1304.0
LUX,Luxembourg,Europe & Central Asia,2014,1366.0
LUX,Luxembourg,Europe & Central Asia,2015,1285.0
LUX,Luxembourg,Europe & Central Asia,2016,1397.0
LUX,Luxembourg,Europe & Central Asia,2017,1389.0
LUX,Luxembourg,Europe & Central Asia,2018,1335.0
LVA,Latvia,Europe & Central Asia,2007,998.0
LVA,Latvia,Europe & Central Asia,2008,1241.0
LVA,Latvia,Europe & Central Asia,2009,1352.0
LVA,Latvia,Europe & Central Asia,2010,1353.0
LVA,Latvia,Europe & Central Asia,2011,1489.0
LVA,Latvia,Europe & Central Asia,2012,1444.0
LVA,Latvia,Europe & Central Asia,2013,1404.0
LVA,Latvia,Europe & Central Asia,2014,1357.0
LVA,Latvia,Europe & Central Asia,2015,1319.0
LVA,Latvia,Europe & Central Asia,2016,1378.0
LVA,Latvia,Europe & Central Asia,2017,1332.0
LVA,Latvia,Europe & Central Asia,2018,1268.0
MAR,Morocco,Middle East & North Africa,2005,6232.0
MAR,Morocco,Middle East & North Africa,2006,8170.0
MAR,Morocco,Middle East & North Africa,2007,7468.0
MAR,Morocco,Middle East & North Africa,2008,6878.0
MAR,Morocco,Middle East & North Africa,2009,6844.0
MDA,Moldova,Europe & Central Asia,2006,399.0
MDA,Moldova,Europe & Central Asia,2007,386.0
MDA,Moldova,Europe & Central Asia,2008,409.0
MDA,Moldova,Europe & Central Asia,2009,10188.0
MDA,Moldova,Europe & Central Asia,2010,425.0
MDA,Moldova,Europe & Central Asia,2011,333.0
MDA,Moldova,Europe & Central Asia,2012,402.0
MDA,Moldova,Europe & Central Asia,2014,7884.0
MDA,Moldova,Europe & Central Asia,2015,1758.0
MDG,Madagascar,Sub-Saharan Africa,2001,460.0
MDG,Madagascar,Sub-Saharan Africa,2005,719.0
MDG,Madagascar,Sub-Saharan Africa,2012,817.0
MDV,Maldives,South Asia,2002,629.0
MDV,Maldives,South Asia,2004,1155.0
MDV,Maldives,South Asia,2009,1238.0
MDV,Maldives,South Asia,2016,3208.0
MEX,Mexico,Latin America & Caribbean,2000,1984.0
MEX,Mexico,Latin America & Caribbean,2002,3578.0
MEX,Mexico,Latin America & Caribbean,2005,25422.0
MEX,Mexico,Latin America & Caribbean,2006,27557.0
MEX,Mexico,Latin America & Caribbean,2007,27743.0
MEX,Mexico,Latin America & Caribbean,2008,5696.0
MEX,Mexico,Latin America & Caribbean,2009,26738.0
MEX,Mexico,Latin America & Caribbean,2010,5448.0
MEX,Mexico,Latin America & Caribbean,2011,25969.0
MEX,Mexico,Latin America & Caribbean,2012,1454.0
MEX,Mexico,Latin America & Caribbean,2013,25143.0
MEX,Mexico,Latin America & Caribbean,2014,25127.0
MEX,Mexico,Latin America & Caribbean,2015,25247.0
MEX,Mexico,Latin America & Caribbean,2016,23958.0
MEX,Mexico,Latin America & Caribbean,2017,78257.0
MEX,Mexico,Latin America & Caribbean,2018,23033.0
MEX,Mexico,Latin America & Caribbean,2019,23706.0
MEX,Mexico,Latin America & Caribbean,2020,26590.0
MLI,Mali,Sub-Saharan Africa,2003,412.0
MLI,Mali,Sub-Saharan Africa,2010,255.0
MLT,Malta,Middle East & North Africa,2007,971.0
MLT,Malta,Middle East & North Africa,2008,871.0
MLT,Malta,Middle East & North Africa,2009,969.0
MLT,Malta,Middle East & North Africa,2010,976.0
MLT,Malta,Middle East & North Africa,2011,1326.0
MLT,Malta,Middle East & North Africa,2012,1222.0
MLT,Malta,Middle East & North Africa,2013,1212.0
MLT,Malta,Middle East & North Africa,2014,1305.0
MLT,Malta,Middle East & North Africa,2015,1316.0
MLT,Malta,Middle East & North Africa,2016,1275.0
MLT,Malta,Middle East & North Africa,2017,1279.0
MLT,Malta,Middle East & North Africa,2018,1199.0
MMR,Myanmar,East Asia & Pacific,2015,377.0
MMR,Myanmar,East Asia & Pacific,2017,1797.0
MNE,Montenegro,Europe & Central Asia,2002,441.0
MNE,Montenegro,Europe & Central Asia,2004,553.0
MNE,Montenegro,Europe & Central Asia,2005,477.0
MNE,Montenegro,Europe & Central Asia,2006,414.0
MNE,Montenegro,Europe & Central Asia,2010,822.0
MNE,Montenegro,Europe & Central Asia,2011,851.0
MNG,Mongolia,East Asia & Pacific,2002,1694.0
MNG,Mongolia,East Asia & Pacific,2006,4177.0
MNG,Mongolia,East Asia & Pacific,2010,3215.0
MNG,Mongolia,East Asia & Pacific,2011,3270.0
MNG,Mongolia,East Asia & Pacific,2014,3542.0
MNG,Mongolia,East Asia & Pacific,2018,6591.0
MOZ,Mozambique,Sub-Saharan Africa,2002,915.0
MOZ,Mozambique,Sub-Saharan Africa,2008,966.0
MOZ,Mozambique,Sub-Saharan Africa,2012,974.0
MOZ,Mozambique,Sub-Saharan Africa,2014,1302.0
MRT,Mauritania,Sub-Saharan Africa,2000,577.0
MRT,Mauritania,Sub-Saharan Africa,2004,1606.0
MRT,Mauritania,Sub-Saharan Africa,2008,1800.0
MRT,Mauritania,Sub-Saharan Africa,2014,1107.0
MUS,Mauritius,Sub-Saharan Africa,2001,1354.0
MUS,Mauritius,Sub-Saharan Africa,2003,1418.0
MUS,Mauritius,Sub-Saharan Africa,2004,2540.0
MUS,Mauritius,Sub-Saharan Africa,2005,3180.0
MUS,Mauritius,Sub-Saharan Africa,2006,3130.0
MUS,Mauritius,Sub-Saharan Africa,2007,2220.0
MUS,Mauritius,Sub-Saharan Africa,2008,2137.0
MUS,Mauritius,Sub-Saharan Africa,2009,2132.0
MUS,Mauritius,Sub-Saharan Africa,2010,2218.0
MUS,Mauritius,Sub-Saharan Africa,2011,2142.0
MUS,Mauritius,Sub-Saharan Africa,2012,2119.0
MWI,Malawi,Sub-Saharan Africa,2004,710.0
MWI,Malawi,Sub-Saharan Africa,2013,395.0
MWI,Malawi,Sub-Saharan Africa,2016,786.0
NAM,Namibia,Sub-Saharan Africa,2008,997.0
NAM,Namibia,Sub-Saharan Africa,2012,1765.0
NAM,Namibia,Sub-Saharan Africa,2013,1719.0
NAM,Namibia,Sub-Saharan Africa,2014,2126.0
NAM,Namibia,Sub-Saharan Africa,2015,1708.0
NER,Niger,Sub-Saharan Africa,2002,630.0
NER,Niger,Sub-Saharan Africa,2005,550.0
NER,Niger,Sub-Saharan Africa,2007,545.0
NER,Niger,Sub-Saharan Africa,2011,448.0
NER,Niger,Sub-Saharan Africa,2014,386.0
NGA,Nigeria,Sub-Saharan Africa,2003,1897.0
NGA,Nigeria,Sub-Saharan Africa,2009,12260.0
NGA,Nigeria,Sub-Saharan Africa,2010,783.0
NIC,Nicaragua,Latin America & Caribbean,2001,554.0
NIC,Nicaragua,Latin America & Caribbean,2005,1023.0
NIC,Nicaragua,Latin America & Caribbean,2012,3211.0
NOR,Norway,Europe & Central Asia,2017,1370.0
NPL,Nepal,South Asia,2008,2070.0
NPL,Nepal,South Asia,2013,368.0
NPL,Nepal,South Asia,2014,491.0
PAK,Pakistan,South Asia,2001,3420.0
PAK,Pakistan,South Asia,2003,3641.0
PAK,Pakistan,South Asia,2004,3052.0
PAK,Pakistan,South Asia,2005,5863.0
PAK,Pakistan,South Asia,2006,12867.0
PAK,Pakistan,South Asia,2008,7093.0
PAK,Pakistan,South Asia,2009,1647.0
PAK,Pakistan,South Asia,2010,6970.0
PAK,Pakistan,South Asia,2012,6106.0
PAK,Pakistan,South Asia,2013,6758.0
PAK,Pakistan,South Asia,2014,5921.0
PAN,Panama,Latin America & Caribbean,2000,2327.0
PAN,Panama,Latin America & Caribbean,2001,3286.0
PAN,Panama,Latin America & Caribbean,2002,3210.0
PAN,Panama,Latin America & Caribbean,2003,3242.0
PAN,Panama,Latin America & Caribbean,2004,3251.0
PAN,Panama,Latin America & Caribbean,2005,2826.0
PAN,Panama,Latin America & Caribbean,2006,2776.0
PAN,Panama,Latin America & Caribbean,2007,2941.0
PAN,Panama,Latin America & Caribbean,2008,3065.0
PAN,Panama,Latin America & Caribbean,2009,3140.0
PAN,Panama,Latin America & Caribbean,2010,3296.0
PAN,Panama,Latin America & Caribbean,2011,2867.0
PAN,Panama,Latin America & Caribbean,2012,2834.0
PAN,Panama,Latin America & Caribbean,2015,2869.0
PAN,Panama,Latin America & Caribbean,2016,2899.0
PAN,Panama,Latin America & Caribbean,2017,2839.0
PAN,Panama,Latin America & Caribbean,2018,2717.0
PAN,Panama,Latin America & Caribbean,2019,2846.0
PER,Peru,Latin America & Caribbean,2000,723.0
PER,Peru,Latin America & Caribbean,2001,2644.0
PER,Peru,Latin America & Caribbean,2002,3238.0
PER,Peru,Latin America & Caribbean,2004,3216.0
PER,Peru,Latin America & Caribbean,2005,3100.0
PER,Peru,Latin America & Caribbean,2006,3442.0
PER,Peru,Latin America & Caribbean,2007,4021.0
PER,Peru,Latin America & Caribbean,2008,3999.0
PER,Peru,Latin America & Caribbean,2009,4045.0
PER,Peru,Latin America & Caribbean,2010,4001.0
PER,Peru,Latin America & Caribbean,2011,4543.0
PER,Peru,Latin America & Caribbean,2012,4802.0
PER,Peru,Latin America & Caribbean,2013,5662.0
PER,Peru,Latin America & Caribbean,2014,5697.0
PER,Peru,Latin America & Caribbean,2015,5593.0
PER,Peru,Latin America & Caribbean,2016,6622.0
PER,Peru,Latin America & Caribbean,2017,8656.0
PHL,Philippines,East Asia & Pacific,2000,6728.0
PHL,Philippines,East Asia & Pacific,2001,7408.0
PHL,Philippines,East Asia & Pacific,2002,7122.0
PHL,Philippines,East Asia & Pacific,2003,6857.0
PHL,Philippines,East Asia & Pacific,2004,6428.0
PHL,Philippines,East Asia & Pacific,2005,6070.0
PHL,Philippines,East Asia & Pacific,2006,6087.0
PHL,Philippines,East Asia & Pacific,2007,6138.0
PHL,Philippines,East Asia & Pacific,2008,6303.0
PHL,Philippines,East Asia & Pacific,2009,6509.0
PHL,Philippines,East Asia & Pacific,2010,6492.0
PHL,Philippines,East Asia & Pacific,2011,6631.0
PHL,Philippines,East Asia & Pacific,2012,6822.0
PHL,Philippines,East Asia & Pacific,2013,6623.0
PHL,Philippines,East Asia & Pacific,2014,6335.0
PHL,Philippines,East Asia & Pacific,2015,27831.0
PHL,Philippines,East Asia & Pacific,2016,26566.0
PHL,Philippines,East Asia & Pacific,2017,26494.0
PHL,Philippines,East Asia & Pacific,2018,6578.0
PHL,Philippines,East Asia & Pacific,2019,14194.0
PLW,Palau,East Asia & Pacific,2000,2653.0
PNG,Papua New Guinea,East Asia & Pacific,2009,563.0
POL,Poland,Europe & Central Asia,2001,11510.0
POL,Poland,Europe & Central Asia,2002,11181.0
POL,Poland,Europe & Central Asia,2003,10770.0
POL,Poland,Europe & Central Asia,2004,10500.0
POL,Poland,Europe & Central Asia,2005,3091.0
POL,Poland,Europe & Central Asia,2006,2929.0
POL,Poland,Europe & Central Asia,2007,2805.0
POL,Poland,Europe & Central Asia,2008,2742.0
POL,Poland,Europe & Central Asia,2009,2607.0
POL,Poland,Europe & Central Asia,2010,2599.0
POL,Poland,Europe & Central Asia,2011,2512.0
POL,Poland,Europe & Central Asia,2012,2613.0
POL,Poland,Europe & Central Asia,2013,2551.0
POL,Poland,Europe & Central Asia,2014,2584.0
POL,Poland,Europe & Central Asia,2015,2376.0
POL,Poland,Europe & Central Asia,2016,2318.0
POL,Poland,Europe & Central Asia,2017,2398.0
PRI,Puerto Rico,Latin America & Caribbean,2000,11360.0
PRI,Puerto Rico,Latin America & Caribbean,2005,2850.0
PRT,Portugal,Europe & Central Asia,2007,1067.0
PRT,Portugal,Europe & Central Asia,2008,1049.0
PRT,Portugal,Europe & Central Asia,2009,1110.0
PRT,Portugal,Europe & Central Asia,2010,1198.0
PRT,Portugal,Europe & Central Asia,2011,1359.0
PRT,Portugal,Europe & Central Asia,2012,1494.0
PRT,Portugal,Europe & Central Asia,2013,1535.0
PRT,Portugal,Europe & Central Asia,2014,1655.0
PRT,Portugal,Europe & Central Asia,2015,2268.0
PRT,Portugal,Europe & Central Asia,2016,2918.0
PRT,Portugal,Europe & Central Asia,2017,3465.0
PRT,Portugal,Europe & Central Asia,2018,4041.0
PRY,Paraguay,Latin America & Caribbean,2001,1254.0
PRY,Paraguay,Latin America & Caribbean,2002,545.0
PRY,Paraguay,Latin America & Caribbean,2003,1426.0
PRY,Paraguay,Latin America & Caribbean,2004,1147.0
PRY,Paraguay,Latin America & Caribbean,2005,752.0
PRY,Paraguay,Latin America & Caribbean,2006,817.0
PRY,Paraguay,Latin America & Caribbean,2007,788.0
PRY,Paraguay,Latin America & Caribbean,2008,724.0
PRY,Paraguay,Latin America & Caribbean,2009,725.0
PRY,Paraguay,Latin America & Caribbean,2010,810.0
PRY,Paraguay,Latin America & Caribbean,2011,880.0
PRY,Paraguay,Latin America & Caribbean,2012,991.0
PRY,Paraguay,Latin America & Caribbean,2013,1117.0
PRY,Paraguay,Latin America & Caribbean,2014,929.0
PRY,Paraguay,Latin America & Caribbean,2015,1664.0
PRY,Paraguay,Latin America & Caribbean,2016,1672.0
PRY,Paraguay,Latin America & Caribbean,2017,1493.0
PSE,Palestine,Middle East & North Africa,2000,7534.0
PSE,Palestine,Middle East & North Africa,2001,7018.0
PSE,Palestine,Middle East & North Africa,2002,5636.0
PSE,Palestine,Middle East & North Africa,2003,6525.0
PSE,Palestine,Middle East & North Africa,2007,7704.0
PSE,Palestine,Middle East & North Africa,2017,1126.0
ROU,Romania,Europe & Central Asia,2000,939.0
ROU,Romania,Europe & Central Asia,2001,9515.0
ROU,Romania,Europe & Central Asia,2002,8602.0
ROU,Romania,Europe & Central Asia,2003,7732.0
ROU,Romania,Europe & Central Asia,2004,8166.0
ROU,Romania,Europe & Central Asia,2005,7274.0
ROU,Romania,Europe & Central Asia,2007,945.0
ROU,Romania,Europe & Central Asia,2008,906.0
ROU,Romania,Europe & Central Asia,2009,900.0
ROU,Romania,Europe & Central Asia,2010,932.0
ROU,Romania,Europe & Central Asia,2011,886.0
ROU,Romania,Europe & Central Asia,2012,889.0
ROU,Romania,Europe & Central Asia,2013,895.0
ROU,Romania,Europe & Central Asia,2014,856.0
ROU,Romania,Europe & Central Asia,2015,899.0
ROU,Romania,Europe & Central Asia,2016,846.0
ROU,Romania,Europe & Central Asia,2017,884.0
ROU,Romania,Europe & Central Asia,2018,928.0
RUS,Russia,Europe & Central Asia,2000,1451.0
RUS,Russia,Europe & Central Asia,2001,1439.0
RUS,Russia,Europe & Central Asia,2002,1457.0
RUS,Russia,Europe & Central Asia,2003,1406.0
RUS,Russia,Europe & Central Asia,2004,1437.0
RUS,Russia,Europe & Central Asia,2005,1328.0
RUS,Russia,Europe & Central Asia,2006,1803.0
RUS,Russia,Europe & Central Asia,2007,1788.0
RUS,Russia,Europe & Central Asia,2008,1806.0
RUS,Russia,Europe & Central Asia,2009,1588.0
RUS,Russia,Europe & Central Asia,2010,3275.0
RUS,Russia,Europe & Central Asia,2011,3146.0
RUS,Russia,Europe & Central Asia,2012,3002.0
RUS,Russia,Europe & Central Asia,2013,2843.0
RUS,Russia,Europe & Central Asia,2014,2290.0
RUS,Russia,Europe & Central Asia,2015,2178.0
RUS,Russia,Europe & Central Asia,2016,2082.0
RWA,Rwanda,Sub-Saharan Africa,2013,872.0
RWA,Rwanda,Sub-Saharan Africa,2016,845.0
SAU,Saudi Arabia,Middle East & North Africa,2013,12300.0
SEN,Senegal,Sub-Saharan Africa,2001,782.0
SEN,Senegal,Sub-Saharan Africa,2005,6042.0
SEN,Senegal,Sub-Saharan Africa,2011,1729.0
SLB,Solomon Islands,East Asia & Pacific,2005,997.0
SLB,Solomon Islands,East Asia & Pacific,2013,270.0
SLE,Sierra Leone,Sub-Saharan Africa,2003,395.0
SLE,Sierra Leone,Sub-Saharan Africa,2011,565.0
SLE,Sierra Leone,Sub-Saharan Africa,2014,480.0
SLE,Sierra Leone,Sub-Saharan Africa,2015,771.0
SLV,El Salvador,Latin America & Caribbean,2000,2395.0
SLV,El Salvador,Latin America & Caribbean,2001,1723.0
SLV,El Salvador,Latin America & Caribbean,2002,2222.0
SLV,El Salvador,Latin America & Caribbean,2003,2042.0
SLV,El Salvador,Latin America & Caribbean,2004,1942.0
SLV,El Salvador,Latin America & Caribbean,2005,1987.0
SLV,El Salvador,Latin America & Caribbean,2006,1845.0
SLV,El Salvador,Latin America & Caribbean,2007,2055.0
SLV,El Salvador,Latin America & Caribbean,2008,1850.0
SLV,El Salvador,Latin America & Caribbean,2009,2169.0
SLV,El Salvador,Latin America & Caribbean,2012,2527.0
SLV,El Salvador,Latin America & Caribbean,2014,2452.0
SLV,El Salvador,Latin America & Caribbean,2015,2737.0
SLV,El Salvador,Latin America & Caribbean,2016,2192.0
SLV,El Salvador,Latin America & Caribbean,2017,2296.0
SOM,Somalia,Sub-Saharan Africa,2013,351.0
SRB,Serbia,Europe & Central Asia,2010,1911.0
SRB,Serbia,Europe & Central Asia,2013,1225.0
SRB,Serbia,Europe & Central Asia,2014,1102.0
SRB,Serbia,Europe & Central Asia,2015,1063.0
SRB,Serbia,Europe & Central Asia,2016,1024.0
SRB,Serbia,Europe & Central Asia,2017,946.0
SRB,Serbia,Europe & Central Asia,2018,882.0
STP,São Tomé and Principe,Sub-Saharan Africa,2000,468.0
STP,São Tomé and Principe,Sub-Saharan Africa,2010,772.0
STP,São Tomé and Principe,Sub-Saharan Africa,2017,1373.0
SVK,Slovakia,Europe & Central Asia,2005,1755.0
SVK,Slovakia,Europe & Central Asia,2006,1734.0
SVK,Slovakia,Europe & Central Asia,2007,1727.0
SVK,Slovakia,Europe & Central Asia,2008,1867.0
SVK,Slovakia,Europe & Central Asia,2009,1860.0
SVK,Slovakia,Europe & Central Asia,2010,1901.0
SVK,Slovakia,Europe & Central Asia,2011,1743.0
SVK,Slovakia,Europe & Central Asia,2012,1798.0
SVK,Slovakia,Europe & Central Asia,2013,1751.0
SVK,Slovakia,Europe & Central Asia,2014,1734.0
SVK,Slovakia,Europe & Central Asia,2015,1722.0
SVK,Slovakia,Europe & Central Asia,2016,1667.0
SVK,Slovakia,Europe & Central Asia,2017,1623.0
SVN,Slovenia,Europe & Central Asia,2002,734.0
SVN,Slovenia,Europe & Central Asia,2003,553.0
SVN,Slovenia,Europe & Central Asia,2004,2003.0
SVN,Slovenia,Europe & Central Asia,2005,2216.0
SVN,Slovenia,Europe & Central Asia,2006,2621.0
SVN,Slovenia,Europe & Central Asia,2007,2454.0
SVN,Slovenia,Europe & Central Asia,2008,2541.0
SVN,Slovenia,Europe & Central Asia,2009,2607.0
SVN,Slovenia,Europe & Central Asia,2010,2592.0
SVN,Slovenia,Europe & Central Asia,2011,2515.0
SVN,Slovenia,Europe & Central Asia,2012,2449.0
SVN,Slovenia,Europe & Central Asia,2013,2327.0
SVN,Slovenia,Europe & Central Asia,2014,2313.0
SVN,Slovenia,Europe & Central Asia,2015,2210.0
SVN,Slovenia,Europe & Central Asia,2016,2267.0
SVN,Slovenia,Europe & Central Asia,2017,2396.0
SVN,Slovenia,Europe & Central Asia,2018,2411.0
SWZ,Eswatini,Sub-Saharan Africa,2009,661.0
SWZ,Eswatini,Sub-Saharan Africa,2016,607.0
SYC,Seychelles,Sub-Saharan Africa,2013,1421.0
TCD,Chad,Sub-Saharan Africa,2003,495.0
TCD,Chad,Sub-Saharan Africa,2011,871.0
TGO,Togo,Sub-Saharan Africa,2001,315.0
TGO,Togo,Sub-Saharan Africa,2006,633.0
TGO,Togo,Sub-Saharan Africa,2011,548.0
THA,Thailand,East Asia & Pacific,2010,10192.0
THA,Thailand,East Asia & Pacific,2011,9271.0
TJK,Tajikistan,Europe & Central Asia,2009,714.0
TJK,Tajikistan,Europe & Central Asia,2013,1554.0
TLS,Timor-Leste,East Asia & Pacific,2010,943.0
TTO,Trinidad and Tobago,Latin America & Caribbean,2000,11366.0
TTO,Trinidad and Tobago,Latin America & Caribbean,2011,13891.0
TUN,Tunisia,Middle East & North Africa,2000,10071.0
TUN,Tunisia,Middle East & North Africa,2001,12623.0
TUN,Tunisia,Middle East & North Africa,2005,3217.0
TUN,Tunisia,Middle East & North Africa,2010,32675.0
TUN,Tunisia,Middle East & North Africa,2011,596.0
TUN,Tunisia,Middle East & North Africa,2015,7011.0
TUR,Turkey,Europe & Central Asia,2002,1903.0
TUR,Turkey,Europe & Central Asia,2003,4728.0
TUR,Turkey,Europe & Central Asia,2004,1427.0
TUR,Turkey,Europe & Central Asia,2005,1462.0
TUR,Turkey,Europe & Central Asia,2009,19629.0
TUR,Turkey,Europe & Central Asia,2010,22367.0
TUR,Turkey,Europe & Central Asia,2013,24680.0
TUR,Turkey,Europe & Central Asia,2015,23593.0
TUR,Turkey,Europe & Central Asia,2016,23746.0
TUR,Turkey,Europe & Central Asia,2019,28003.0
TUV,Tuvalu,East Asia & Pacific,2010,393.0
TZA,Tanzania,Sub-Saharan Africa,2000,1144.0
TZA,Tanzania,Sub-Saharan Africa,2006,1269.0
TZA,Tanzania,Sub-Saharan Africa,2007,1952.0
TZA,Tanzania,Sub-Saharan Africa,2009,285.0
TZA,Tanzania,Sub-Saharan Africa,2011,377.0
TZA,Tanzania,Sub-Saharan Africa,2012,477.0
TZA,Tanzania,Sub-Saharan Africa,2014,1367.0
TZA,Tanzania,Sub-Saharan Africa,2018,380.0
UGA,Uganda,Sub-Saharan Africa,2002,629.0
UGA,Uganda,Sub-Saharan Africa,2005,511.0
UGA,Uganda,Sub-Saharan Africa,2012,467.0
UGA,Uganda,Sub-Saharan Africa,2016,1052.0
UKR,Ukraine,Europe & Central Asia,2002,3414.0
UKR,Ukraine,Europe & Central Asia,2004,3533.0
UKR,Ukraine,Europe & Central Asia,2005,3895.0
UKR,Ukraine,Europe & Central Asia,2006,3752.0
UKR,Ukraine,Europe & Central Asia,2007,3647.0
UKR,Ukraine,Europe & Central Asia,2008,3583.0
UKR,Ukraine,Europe & Central Asia,2009,3519.0
UKR,Ukraine,Europe & Central Asia,2010,3287.0
UKR,Ukraine,Europe & Central Asia,2011,3314.0
UKR,Ukraine,Europe & Central Asia,2012,3194.0
UKR,Ukraine,Europe & Central Asia,2013,3214.0
URY,Uruguay,Latin America & Caribbean,2000,4141.0
URY,Uruguay,Latin America & Caribbean,2001,3978.0
URY,Uruguay,Latin America & Caribbean,2002,4020.0
URY,Uruguay,Latin America & Caribbean,2003,3926.0
URY,Uruguay,Latin America & Caribbean,2004,4092.0
URY,Uruguay,Latin America & Caribbean,2005,3821.0
URY,Uruguay,Latin America & Caribbean,2006,15027.0
URY,Uruguay,Latin America & Caribbean,2007,9488.0
URY,Uruguay,Latin America & Caribbean,2008,9880.0
URY,Uruguay,Latin America & Caribbean,2009,9092.0
URY,Uruguay,Latin America & Caribbean,2010,8932.0
URY,Uruguay,Latin America & Caribbean,2011,8989.0
URY,Uruguay,Latin America & Caribbean,2012,8553.0
URY,Uruguay,Latin America & Caribbean,2014,9580.0
URY,Uruguay,Latin America & Caribbean,2015,8534.0
URY,Uruguay,Latin America & Caribbean,2016,8468.0
URY,Uruguay,Latin America & Caribbean,2017,6192.0
USA,United States of America,North America,2010,9577.0
USA,United States of America,North America,2011,9229.0
USA,United States of America,North America,2012,8923.0
USA,United States of America,North America,2013,14037.0
USA,United States of America,North America,2014,8890.0
USA,United States of America,North America,2015,8541.0
USA,United States of America,North America,2016,8582.0
USA,United States of America,North America,2017,8395.0
USA,United States of America,North America,2018,7991.0
UZB,Uzbekistan,Europe & Central Asia,2003,3580.0
VEN,Venezuela,Latin America & Caribbean,2000,4549.0
VEN,Venezuela,Latin America & Caribbean,2001,12681.0
VEN,Venezuela,Latin America & Caribbean,2002,14155.0
VEN,Venezuela,Latin America & Caribbean,2003,12411.0
VEN,Venezuela,Latin America & Caribbean,2004,11299.0
VEN,Venezuela,Latin America & Caribbean,2005,11509.0
VEN,Venezuela,Latin America & Caribbean,2006,12493.0
VNM,Vietnam,East Asia & Pacific,2007,58030.0
VNM,Vietnam,East Asia & Pacific,2008,117774.0
VNM,Vietnam,East Asia & Pacific,2009,4992.0
VNM,Vietnam,East Asia & Pacific,2010,66945.0
VNM,Vietnam,East Asia & Pacific,2012,1169.0
VNM,Vietnam,East Asia & Pacific,2014,1172.0
VNM,Vietnam,East Asia & Pacific,2016,1481.0
XKX,Kosovo,Europe & Central Asia,2008,1511.0
XKX,Kosovo,Europe & Central Asia,2012,706.0
XKX,Kosovo,Europe & Central Asia,2013,1189.0
XKX,Kosovo,Europe & Central Asia,2014,1171.0
ZAF,South Africa,Sub-Saharan Africa,2000,6426.0
ZAF,South Africa,Sub-Saharan Africa,2001,9720.0
ZAF,South Africa,Sub-Saharan Africa,2003,9007.0
ZAF,South Africa,Sub-Saharan Africa,2004,8730.0
ZAF,South Africa,Sub-Saharan Africa,2005,9356.0
ZAF,South Africa,Sub-Saharan Africa,2006,8939.0
ZAF,South Africa,Sub-Saharan Africa,2007,9570.0
ZAF,South Africa,Sub-Saharan Africa,2008,16957.0
ZAF,South Africa,Sub-Saharan Africa,2009,16377.0
ZAF,South Africa,Sub-Saharan Africa,2010,15663.0
ZAF,South Africa,Sub-Saharan Africa,2012,16961.0
ZAF,South Africa,Sub-Saharan Africa,2013,17629.0
ZAF,South Africa,Sub-Saharan Africa,2014,15986.0
ZAF,South Africa,Sub-Saharan Africa,2015,15076.0
ZAF,South Africa,Sub-Saharan Africa,2016,14216.0
ZAF,South Africa,Sub-Saharan Africa,2017,3112.0
ZAF,South Africa,Sub-Saharan Africa,2018,14240.0
ZAF,South Africa,Sub-Saharan Africa,2019,13719.0
ZAF,South Africa,Sub-Saharan Africa,2020,10368.0
ZMB,Zambia,Sub-Saharan Africa,2002,2045.0
ZMB,Zambia,Sub-Saharan Africa,2004,2497.0
ZMB,Zambia,Sub-Saharan Africa,2008,3186.0
ZMB,Zambia,Sub-Saharan Africa,2010,3746.0
ZMB,Zambia,Sub-Saharan Africa,2012,1605.0
ZMB,Zambia,Sub-Saharan Africa,2014,1425.0
ZMB,Zambia,Sub-Saharan Africa,2015,2712.0
ZWE,Zimbabwe,Sub-Saharan Africa,2001,1563.0
ZWE,Zimbabwe,Sub-Saharan Africa,2007,691.0
ZWE,Zimbabwe,Sub-Saharan Africa,2011,1087.0
ZWE,Zimbabwe,Sub-Saharan Africa,2017,3028.0
